<application>
  <component name="MavenWrapperMapping">
    <option name="mapping">
      <map>
        <entry key="https://maven.aliyun.com/repository/public/org/apache/maven/apache-maven/3.6.3/apache-maven-3.6.3-bin.zip" value="C:\Users\eimlfang\.m2\wrapper\dists\apache-maven-3.6.3-bin\3j391n2rd0vgi416u9ldio1h2h\apache-maven-3.6.3" />
        <entry key="https://repo.maven.apache.org/maven2/org/apache/maven/apache-maven/3.6.3/apache-maven-3.6.3-bin.zip" value="C:\Users\eimlfang\.m2\wrapper\dists\apache-maven-3.6.3-bin\1iopthnavndlasol9gbrbg6bf2\apache-maven-3.6.3" />
        <entry key="https://repo.maven.apache.org/maven2/org/apache/maven/apache-maven/3.8.2/apache-maven-3.8.2-bin.zip" value="C:\Users\eimlfang\.m2\wrapper\dists\apache-maven-3.8.2-bin\1um3pu5poco57pibs3g92d6vrf\apache-maven-3.8.2" />
        <entry key="https://repo.maven.apache.org/maven2/org/apache/maven/apache-maven/3.8.3/apache-maven-3.8.3-bin.zip" value="C:\Users\eimlfang\.m2\wrapper\dists\apache-maven-3.8.3-bin\5a6n1u8or3307vo2u2jgmkhm0t\apache-maven-3.8.3" />
      </map>
    </option>
  </component>
</application>