<application>
  <component name="TipsStore">
    <option name="globalFirstStartUp" value="false" />
    <entry projectPath="$USER_HOME$/Downloads/holdsign-sdk-server" startUpFlag="FIRST" />
    <entry projectPath="$USER_HOME$/Downloads/sagan-main/sagan-main" startUpFlag="FIRST" />
    <entry projectPath="D:/Java学习/guava-master" startUpFlag="FIRST" />
    <entry projectPath="D:/Java学习/maven-master" startUpFlag="FIRST" />
    <entry projectPath="D:/Java学习/pdfbox-demo" startUpFlag="FIRST" />
    <entry projectPath="D:/Java学习/spring-framework-main" startUpFlag="FIRST" />
    <entry projectPath="D:/Java学习/spring-security-main" startUpFlag="FIRST" />
    <entry projectPath="D:/Workspace/SimpleCms" startUpFlag="FIRST" />
    <entry projectPath="D:/Workspace/Steel/steel-server" startUpFlag="FIRST" />
    <entry projectPath="D:/Workspace/atguigu/yygh_parent" startUpFlag="FIRST" />
    <entry projectPath="D:/Workspace/github/eimlfang/pdf-tool" startUpFlag="FIRST" />
    <entry projectPath="D:/Workspace/haidai/.oauth2-client01-demo" startUpFlag="FIRST" />
    <entry projectPath="D:/Workspace/haidai/HdDCMS" startUpFlag="FIRST" />
    <entry projectPath="D:/Workspace/haidai/cias-settlement" startUpFlag="FIRST" />
    <entry projectPath="D:/Workspace/haidai/factory-manager-system" startUpFlag="FIRST" />
    <entry projectPath="D:/Workspace/haidai/haidai-cias-order-admin" startUpFlag="FIRST" />
    <entry projectPath="D:/Workspace/haidai/hdfcms" startUpFlag="FIRST" />
    <entry projectPath="D:/Workspace/haidai/hdffcms" startUpFlag="FIRST" />
    <entry projectPath="D:/Workspace/haidai/hdserver-cloud" startUpFlag="FIRST" />
    <entry projectPath="D:/Workspace/haidai/order-manager-system" startUpFlag="FIRST" />
    <entry projectPath="D:/Workspace/haidai/used-car-trading-order-management-system" startUpFlag="FIRST" />
    <entry projectPath="D:/Workspace/holdsign/RiskControlManagement" startUpFlag="FIRST" />
    <entry projectPath="D:/Workspace/holdsign/SMS" startUpFlag="FIRST" />
    <entry projectPath="D:/Workspace/holdsign/holdsign-sdk-native" startUpFlag="FIRST" />
    <entry projectPath="D:/Workspace/holdsign/holdsign-sdk-project" startUpFlag="FIRST" />
    <entry projectPath="D:/Workspace/holdsign/holdsign-sdk-server" startUpFlag="FIRST" />
    <entry projectPath="D:/Workspace/kcms" startUpFlag="FIRST" />
    <entry projectPath="D:/Workspace/lab/jvm-js-fullstack-master" startUpFlag="FIRST" />
    <entry projectPath="D:/geekbang/SpringBoot与K8s云原生微服务/staffjoy" startUpFlag="FIRST" />
    <entry projectPath="D:/geekuniverstiy/JavaCourseCodes" startUpFlag="FIRST" />
    <entry projectPath="D:/geekuniverstiy/JavaCourseCodes/04fx/spring01" startUpFlag="FIRST" />
    <entry projectPath="D:/geekuniverstiy/第一周/homework" startUpFlag="FIRST" />
    <entry projectPath="D:/geekuniverstiy/第三周/homework" startUpFlag="FIRST" />
    <entry projectPath="D:/gitee/naijiz/RuoYi-Cloud" startUpFlag="FIRST" />
    <entry projectPath="D:/gitee/naijiz/RuoYi-Vue" startUpFlag="FIRST" />
    <entry projectPath="D:/gitee/naijiz/ruoyi-cloud" startUpFlag="FIRST" />
    <entry projectPath="D:/gitee/naijizf/java01-homework-week4" startUpFlag="FIRST" />
    <entry projectPath="D:/gitee/naijizf/java01-homework-week5" startUpFlag="FIRST" />
    <entry projectPath="D:/gitee/naijizf/java01-homework-week5/bean-declaring" startUpFlag="FIRST" />
    <entry projectPath="D:/gitee/naijizf/java01-homework-week5/custom-spring-starter" startUpFlag="FIRST" />
    <entry projectPath="D:/gitee/naijizf/java01-homework-week5/jdbc-demo" startUpFlag="FIRST" />
    <entry projectPath="D:/gitee/naijizf/java01-homework-week6" startUpFlag="FIRST" />
    <entry projectPath="D:/gitee/naijizf/java01-homework-week7" startUpFlag="FIRST" />
    <entry projectPath="D:/ideaProjects/StockService" startUpFlag="FIRST" />
    <entry projectPath="D:/ideaProjects/stock-client" startUpFlag="FIRST" />
    <entry projectPath="D:/kotlin/desktop-app" startUpFlag="FIRST" />
    <entry projectPath="D:/learning/ci/ci-demo" startUpFlag="FIRST" />
    <entry projectPath="D:/learning/ci/ci-web-demo" startUpFlag="FIRST" />
    <entry projectPath="D:/learning/ci/groovy-demo" startUpFlag="FIRST" />
    <entry projectPath="D:/learning/ci/jenkins-microservice-demo" startUpFlag="FIRST" />
    <entry projectPath="D:/learning/docker/spring-docker-demo" startUpFlag="FIRST" />
    <entry projectPath="D:/learning/gradle/first-gradle-project" startUpFlag="FIRST" />
    <entry projectPath="D:/learning/gradle/more-gradle" startUpFlag="FIRST" />
    <entry projectPath="D:/learning/gradle_tutorial/demo" startUpFlag="FIRST" />
    <entry projectPath="D:/learning/gradle_tutorial/gradle-tutorial" startUpFlag="FIRST" />
    <entry projectPath="D:/learning/gradle_tutorial/gradle-web" startUpFlag="FIRST" />
    <entry projectPath="D:/learning/gradle_tutorial/gradle_web" startUpFlag="FIRST" />
    <entry projectPath="D:/learning/gradle_tutorial/simple-rbac" startUpFlag="FIRST" />
    <entry projectPath="D:/learning/java" startUpFlag="FIRST" />
    <entry projectPath="D:/learning/spring-security/beginner" startUpFlag="FIRST" />
    <entry projectPath="D:/learning/spring-security/untitled" startUpFlag="FIRST" />
    <entry projectPath="D:/learning/springone/Spring-Tips-Better-Data-Driven-Applications-with-Spring-Boot-and-Redis" startUpFlag="FIRST" />
    <entry projectPath="D:/learning/springone/bookservice" startUpFlag="FIRST" />
    <entry projectPath="D:/learning/springone/java16/demo" startUpFlag="FIRST" />
    <entry projectPath="D:/learning/springone/java16/scstest" startUpFlag="FIRST" />
    <entry projectPath="D:/learning/springone/security/client-server" startUpFlag="FIRST" />
    <entry projectPath="D:/learning/springone/security/jwt-login" startUpFlag="FIRST" />
    <entry projectPath="D:/learning/springone/security/login" startUpFlag="FIRST" />
    <entry projectPath="D:/learning/springone/security/resource-server" startUpFlag="FIRST" />
    <entry projectPath="D:/learning/springone/security/resource-service" startUpFlag="FIRST" />
    <entry projectPath="D:/learning/springone/security/spring-security-jdk17" startUpFlag="FIRST" />
    <entry projectPath="D:/learning/springone/security/webclient" startUpFlag="FIRST" />
    <entry projectPath="D:/learning/springone/spring-boot-and-vuejs" startUpFlag="FIRST" />
    <entry projectPath="D:/learning/springone/spring-boot-practice" startUpFlag="FIRST" />
    <entry projectPath="D:/learning/springone/spring-redis-2" startUpFlag="FIRST" />
    <entry projectPath="D:/learning/springone/spring-security-jdk17" startUpFlag="FIRST" />
    <entry projectPath="D:/temp" startUpFlag="FIRST" />
    <entry projectPath="D:/temp/pdf-demo" startUpFlag="FIRST" />
    <entry projectPath="D:/temp/web-server/smart-demo" startUpFlag="FIRST" />
    <entry projectPath="D:/workspace/holdsign/holdsign" startUpFlag="FIRST" />
    <entry projectPath="D:/若依/HdDCMS" startUpFlag="FIRST" />
    <entry projectPath="E:/credit" startUpFlag="FIRST" />
    <entry projectPath="E:/geekuniversity/homework/week1" startUpFlag="FIRST" />
    <entry projectPath="E:/geekuniversity/homework/week2" startUpFlag="FIRST" />
    <entry projectPath="E:/工作/git/HoldsignRealEstate" startUpFlag="FIRST" />
    <entry projectPath="E:/工作/git/holdsign-ca-server" startUpFlag="FIRST" />
    <entry projectPath="E:/征联工作空间/征联代码版本/credit_20210220开发版本/credit" startUpFlag="FIRST" />
    <entry projectPath="E:/极客时间/1Java进阶训练营/homework" startUpFlag="FIRST" />
    <entry projectPath="E:/极客时间/1Java进阶训练营/homework/03concurrency/0301" startUpFlag="FIRST" />
    <entry projectPath="E:/极客时间/1Java进阶训练营/homework/week3/netty-parent" startUpFlag="FIRST" />
    <entry projectPath="E:/极客时间/1Java进阶训练营/homework/week3/netty-server" startUpFlag="FIRST" />
    <entry projectPath="E:/极客时间/1Java进阶训练营/practice" startUpFlag="FIRST" />
  </component>
</application>