<application>
  <component name="AppStorage">
    <option name="newTranslationDialogWidth" value="592" />
    <option name="newTranslationDialogX" value="815" />
    <option name="newTranslationDialogY" value="450" />
    <histories>
      <item value="Ban" />
      <item value="determine" />
      <item value="relation" />
      <item value="relate" />
      <item value="Ancestors" />
      <item value="contract" />
      <item value="Tenancy" />
      <item value="general availability" />
      <item value="hystrix" />
      <item value="Nested" />
      <item value="quantity" />
      <item value="schema" />
      <item value="Proceeding" />
      <item value="Semaphore" />
      <item value="Increment" />
      <item value="Tenured" />
      <item value="above" />
      <item value="Reactor" />
      <item value="original" />
      <item value="Integration" />
      <item value="Practice" />
      <item value="Sets the issued-at (iat) claim." />
      <item value="Claims" />
      <item value="claims" />
      <item value="invoked" />
      <item value=".Privileged" />
      <item value="introspect" />
      <item value="SneakyThrow does not silently swallow" />
      <item value="SneakyThrow will avoid javac's insistence that you either catch or throw onward any checked exceptions that statements in your method body declare they generate." />
      <item value="Mono" />
      <item value="Narrow" />
      <item value="surefire" />
      <item value="inception" />
      <item value="合同" />
      <item value="scm" />
      <item value="comprehension" />
      <item value="放大" />
      <item value="Constructor" />
    </histories>
    <option name="languageScores">
      <map>
        <entry key="CHINESE" value="18" />
        <entry key="ENGLISH" value="16" />
        <entry key="FILIPINO" value="1" />
        <entry key="VIETNAMESE" value="1" />
      </map>
    </option>
  </component>
  <component name="Cache">
    <option name="lastTrimTime" value="1639565354229" />
  </component>
  <component name="Settings">
    <option name="aliTranslateSettings">
      <app-key>
        <option name="appId" value="LTAI4G6Z7SfH4DrQ5gZ2mGJ2" />
      </app-key>
    </option>
    <option name="translator" value="ALI" />
    <option name="youdaoTranslateSettings">
      <youdao-translate>
        <option name="appId" value="540233b60bf3bf30" />
      </youdao-translate>
    </option>
  </component>
</application>